אאורל,aurele
אב,Av
אבא,Aba,Father
אבאל,Avel
אבגיל,Avigail,Abigail
אבגר,Avgar
אבו,Abo
אבוטבול,abutbul
אבי,Avi,Abi
אבי-אל,Avi-El
אבי-חי,Avi-Chai,Avi-Hai
אבי-עד,Avi-Ad
אביאור,Avior
אביאל,Aviel
אביאלה,Aviela
אביאם,Aviem
אביאסף,Evyassaf
אביב,Aviv
אביבה,Aviva
אביבי,Avivi
אביביה,Avivya
אביבית,Avivit
אביגאיל,Avigail,Abigail
אביגאל,Avigaal
אביגד,Avigad
אביגדור,Avigdor
אביגיא,Aviguy
אביגייל,Avigail,Abigail,Avigiil
אביגיל,Avigail,Abigail
אביגל,Avigal
אבידור,Avidor
אבידן,Avidan
אבידני,Avidani
אבידע,Avida
אבידר,Avidar
אביה,Aviah,aviya
אביהו,Avihu
אביהוא,Avihu
אביהוד,Avihud
אביזוהר,Avizohar
אביחי,Avichai,Avihai,avihay,Avichay
אביחיים,Avihaim
אביחיל,Avichail,Avihail
אביחן,Avichen
אביטל,Avital
אבייה,Aviah
אבילין,Eveline,Evelyn
אבילינה,Evelyna
אבים,Avim
אביעד,Aviad
אביעוז,Avioz
אביעז,Avioz
אביעזר,Aviezer
אביעם,Aviam
אביצור,Avitzur
אביקם,Avikam
אביר,Abir
אבירז,Aviraz
אבירם,Aviram
אבירן,Aviran
אבישג,Avishag
אבישי,Avishay
אבישלום,Avishalom
אבישר,Avisar
אבית,Avit
אביתר,Eviatar,Evyatar
אבלין,Eveline,Evelyn
אבלינה,Evelyna
אבנט,Avnet
אבני,Avni
אבניאל,Avniel
אבניר,Avnir
אבנר,Avner
אברבוך,Averbuch
אברגל,Abargil
אברה,Abra
אברהם,Avraham,Abraham
אברהמי,Avrahami
אברום,Avrum
אברון,Evron
אברי,Avri
אבריאל,Avriel
אברם,Avram
אברמוב,Avramov
אברמוביץ,Avramovich
אברמס,abrams
אבשלום,Avshalom
אגוז,Egoz
אגם,Agam
אגמון,Agmon
אגמי,Agami
אגמית,Agamit
אגנס,Agnes
אגס,Agas
אגת,Agat
אדאדי,Adadi
אדה,Ada,Ida
אדוארד,Edward
אדוה,Adva
אדווה,Adva
אדווין,Edwin
אדוורד,Edward
אדום,Edom
אדור,Adore
אדורם,Adoram
אדי,Eddie
אדיב,Adiv
אדיבה,Adiva
אדיטי,Aditi
אדיר,Adir
אדירה,Adira
אדית,Edith
אדל,Adele,Adell,Odel
אדלה,Adela
אדליה,Odelia,Adelia,Audelia
אדלין,Adeline
אדם,Adam
אדמה,Adama
אדמון,Admon
אדמונד,Edmond
אדמיאל,Adamiel
אדמית,Adamit
אדן,Eden
אדר,Adar
אדרה,Adara
אדריאן,Adrian
אדריאנה,Adriana
אדרת,Aderet
אהב,Ahav
אהבה,Ahava
אהבית,Ahavit
אהבניאל,Ahavniel
אהבתאל,Ahavatel
אהבתיה,Ahavtia
אהד,Ohad
אהוב,Ahuv
אהובה,Ahuva
אהובי,Ahuvi
אהוביאל,Ahuviel
אהוביה,Ahuvya
אהובית,Ahuvit
אהוד,Ehud
אהודה,Ahuda
אהל,Ahal,Ahel,Ohal
אהלה,Ahala
אהלי,Ohali
אהליאב,Ahaliav
אהליבה,Ahaliba
אהרון,Aharon,Aaron
אהרונה,Ahaorona
אהרוני,Aharoni
אהרונסון,Ahronson
אהרן,Aharon,Aaron
אואראס,ravas
אודאל,Odael
אודה,Ode
אודהליה,Odelia,Odeleya
אודט,Odette
אודטה,Odetta
אודי,Udi
אודיאל,Odiel
אודיה,Odeya
אודיט,Odit
אודיל,Odile
אודין,Odin
אודית,Odit
אודל,Odele
אודלה,Odela
אודליה,Odelia,Odeleya
אודם,Odem
אודרי,Audrey
אוה,Eva
אוהב,Ohev,Ohav
אוהב-ציון,Ohev Tziyon
אוהד,Ohad
אוהלה,Ohala
אווה,Eva
אוולין,Eveline,Evelyn,Evelin
אוולינה,Evelyna
אוון,Evan
אוורט,everett
אוזן,uzan
אוחנה,Ochana,ohana
אוטו,Otto
אולג,Oleg
אולגה,Olga
אוליבר,Oliver
אולמן,ullman
אומה,Uma
אומר,Omer
אומרי,Omri
און,On
אונגר,Unger
אונית,Onit
אוסטפלד,Ostfeld
אוסטר,Oster
אוסטרובסקי,Ostrovsky
אוסי,Osi,Ossi
אוסנה,Osanna
אוסנת,Osnat
אוסקר,Oscar,Oskar
אופאל,Opal
אופיר,Ofir,Ophir
אופירה,Ofira,Ophira
אופל,Opal
אופליה,Ofelia,Ophelia
אופק,Ofek
אופרי,Ofri
אוצר,Otzar
אוקסנה,Oksana,Oxana
אור,Or
אור-אל,Or El,Or-El
אור-גיל,Or Gil
אור-גל,Or Gal
אור-חי,Or-Chai
אור-חן,Or Chen,OrHen,Or-Chen
אור-טל,Or Tal,Or-Tal
אור-יה,Or-ya
אור-ים,Or Yam
אור-לי,Or Li,Or-Li
אור-נתן,Or Natan
אור-עד,Orad
אור-פז,Or Paz
אור-ציון,Or Tzion
אור-שחר,Or Shahar
אוראל,Orel
אוראן,Oran
אורגד,Orgad
אורגיל,Orgil
אורד,Orad
אורדן,Ordan
אורה,Orah
אורון,Oron
אורחי,Orchai
אורחן,Orchen
אורטל,Ortal
אורי,Uri,Ori
אוריאל,Uriel,Oriel
אוריאלה,Uriela
אוריאן,Oriane
אוריאנה,Oriana
אוריה,Uria,Orya,oriya
אוריום,Oryom
אוריון,Orion
אוריטל,Orital
אורייאן,Oriane
אורייה,Uria,Orya
אוריין,Orien,Orian,oryan
אורין,Orrin,Orin
אוריעוז,Orioz
אורית,Orit,Urit
אורל,Oral
אורלב,Orlev
אורלי,Orli,Orley,Orly
אורליה,Aurelia
אורלין,Orlene
אורלית,Orlit
אורלן,Orlann
אורם,Oram
אורן,Oren,Oran
אורנה,Orna
אורני,Orni
אורנית,Oranit
אורנת,Ornat
אורסולה,Ursula
אורעד,Orad
אורפז,Orpaz
אושיה,Oshiya
אושיק,Oshik
אושירה,Oshira
אושן,Oshen
אושר,Osher
אושרה,Oshra
אושרוב,Osherov
אושרי,Oshri
אושריאל,Oshriel
אושריה,Oshriya
אושרית,Oshrit
אושרת,Oshrat
אזהרי,Azhari
אזולאי,azulay,Azoulay
אזר,Azar
אחוה,Achava
אחי,Achi,Ahi
אחיאב,Achiav
אחיאל,Achiel
אחיה,Achiya
אחיהוד,Achihud
אחיטוב,Achituv
אחימאיר,Achimeir
אחינדב,Achinadav
אחינועם,Achinoam
אחינעם,Achinoam
אחיעד,Achiad
אחיעזר,Achiezer
אחיעם,Achiam
אחיקם,Achikam
אחישי,Achishay
אחלמה,Achlama
אטון,aton
אטי,Ati
אטיאס,Attias,Atias
אטל,Atel
אטליה,Atalia
אטקה,Ateka
איב,Eve
איבגי,Ivgi
איבון,Ivonne
איבונה,Ivonna
איבי,Ivy
איגור,Igor
אידה,Ida
אידו,Ido
אידור,Idor
אידי,Idi
אידית,Idit
אידל,Idel
אידמית,Idmit
אידן,Idan
איה,Aya
איוב,Iyov,Ayub
איווט,Ivete
איוון,Ivan
איוונה,Ivona
איזבל,Isabel,isabelle
איזבלה,Isabella,Izabella
איזיק,Izik
איטה,Ita
איטח,Itach
איטן,Itan
אייזיק,Izik
אייל,Ayal,Eyal
איילה,Ayala
איילון,Ayalon
איילין,Ayleen,Aileen
איילת,Ayelet
איילת-חן,Ayelet Chen,Ayelet-Chen
איימי,Aimee,Amy
אייר,Iyar
איל,Ayal,Eyal
אילאי,Ilay
אילאיל,Ilil
אילה,Ayala
אילון,Eilon
אילונה,Ilona,Eilona
אילור,Ilor
אילי,Ili,Ilai
איליה,Elia,Ilia,Ilya
איליי,Ilay
איליין,Elaine
אילית,Ilit
אילן,Ilan
אילנה,Ilana
אילני,Ilani
אילנית,Ilanit
אילעאי,Ilay
אילעי,Ilay
אילת,Eilat
אילת-חן,Ayelet Chen
אימבר,Imber
אימרי,Imri
אינגה,Inga
אינגריד,Ingrid
אינה,Inna
איסי,Issy,Isi,Issi
איסיי,Isai
איסכור,vusiker
איסקוב,isakov
איסר,Isar,Iser
איציק,Itzik
אירה,Ira
אירוינג,Erving,Irving
אירינה,Irina
איריס,Iris
אירית,Irit
אירנה,Irena
איתהאל,Itael
איתי,Itay,Ittai,Itai
איתיאל,Itayel
איתיה,Itiya
איתם,Eitam
איתמר,Itamar
איתן,Eitan,Ethan,eytan
איתנה,Eitana
אל,El
אל-אור,El Or
אל-חי,El Chai,ElHai,El-Chai,El-Hai,el-hai
אל-ים,El Yam,El-Yam
אל-נתן,El Natan
אל-עד,El Ad,El-Ad
אל-רואי,El Roi
אל-רועי,El Roi
אלאונור,Eleanor
אלאור,Elor
אלאורי,Elori
אלאל,Alel
אלאמר,Almar
אלאנור,Elanor
אלאפיה,Alafia
אלבו,elaev,alayev
אלבז,Elbaz
אלבטינה,Alvetina
אלבירה,Elvira
אלברט,Albert
אלגור,Algor
אלגרה,Allegra
אלגריה,Allegria
אלדד,Eldad
אלדו,Aldo
אלדור,Eldor
אלדן,Eldan
אלדע,Elda
אלדר,Eldar
אלה,Ela,Elah,Ella
אלול,Elul
אלומה,Aluma
אלומיניום,Aluminum
אלון,Alon
אלונה,Alona
אלוני,Aloni
אלונית,Alonit
אלזה,Elza
אלחי,Elchai
אלחנן,Elchanan,Elhanan
אלטשול,altshul
אלי,Eli,ellie
אלי-אור,Eli Or
אלי-חי,Eli Chai,EliHai
אלי-רן,Eli Ran
אליאב,Eliav
אליאור,Elior
אליאורה,Eliora
אליאך,Eliach
אליאל,Eliel
אליאן,Elian
אליאנה,Elianna
אליאנורה,Elianora
אליאס,Elias
אליאסף,Elyassaf
אליאת,Eliat
אלידור,Elidor
אלידן,Elidan
אלידע,Elyada
אליה,Eliya,Aliya
אליהב,Elihav
אליהו,Eliyahu
אליהוא,Elihu
אליוסף,Elyosef
אליזבט,Elizabeth
אליזבטה,Elisabetta
אליזבת,Elizabeth
אליזה,Eliza
אליחי,Elichai,Elihai
אליטל,Elital
אליי,Allie
אלים,Alima
אלימור,Elimor
אלימלך,Elimelech
אלין,Aleen,Aline,Alin
אלינה,Alina
אלינוי,Elinoy
אלינועם,Elinoam
אלינוער,Elinoar
אלינור,Eleanor,Elinor
אליניב,Elyaniv
אלינער,Elinoar
אלינתן,Elinatan
אליס,Alice,Elise,Ellis
אליסה,Elisa
אליסון,Ellison,Alisson
אליסף,Elyassaf
אליעד,Eliad
אליעוז,Elioz
אליעז,Elioz
אליעזר,Eliezer
אליענה,Eliana
אליפז,Elipaz
אליצור,Elitzur
אליצפן,Elitzafan
אליקים,Elyakim
אלירון,Eliron
אלירז,Eliraz
אלירם,Eliram
אלירן,Eliran
אלישבע,Elisheva
אלישי,Elishay
אלישיב,Eliyashiv
אלישמע,Elishama
אלישע,Elisha
אלישר,Elisar
אלית,Elit,Alit
אלכס,Alex
אלכסי,Alexei,Alexey
אלכסיי,Alexei,Alexey
אלכסנדר,Alexander
אלכסנדרה,Alexandra
אלמה,Alma
אלמוג,Almog
אלמוגה,Almoga
אלמוגית,Almogit
אלמליח,Elmalich,elmaliah
אלמר,Almar
אלן,Allen,Alan
אלנא,Elna
אלנה,Elena
אלני,Eleni
אלנית,Ilanit
אלנתן,Elnatan
אלסה,Elsa
אלעאי,Elay
אלעד,Elad
אלעדה,Elada
אלעזר,Elazar
אלעי,Ilay
אלפונס,Alfons
אלפונסו,Alfonso
אלפרד,Alfred
אלפרדו,Alfredo
אלקיים,Elkayam
אלקנה,Elkana
אלראי,Elroi
אלרואי,Elroi
אלרום,Elrom
אלרון,Elron
אלרועי,Elroi
אלרז,Elraz
אלרם,Elram
אלרן,Elran
אלתר,Altar
אלתרמן,alterman
אמא,a.m.,Mother
אמאדו,Amado
אמבר,Amber
אמה,Emma
אמויאל,Amoyal
אמונה,Emuna
אמוץ,Amotz,Amots
אמור,Amor
אמזלג,Amzaleg
אמי,Emi
אמילי,Emilie,Emily
אמיליה,Emilia
אמיליו,Emilio
אמינוב,Aminov
אמיץ,Amitz
אמיר,Amir
אמיראל,Amirel
אמירה,Amira
אמירי,Amiri
אמירית,Amirit
אמירם,Amiram
אמירן,Amiran
אמית,Amit
אמיתי,Amittai
אמליה,Amalia
אמנדה,Amanda
אמנון,Amnon
אמציה,Amatzya
אמראל,Amarel
אמרי,Imri
אן,Anne
אנאבל,Annabel
אנבל,Annabel
אנבלה,Annabela
אנגלה,Angela
אנגלינה,Angellina
אנגליקה,Angelika
אנדי,Andy
אנדראה,Andrea
אנדרה,Andre
אנדרו,Andrew
אנדרי,Andrey
אנדריאה,Andrea
אנדריה,Andreia
אנדריוס,Andrius
אנדריי,Andrey
אנה,Anna
אנטואן,Antoine
אנטון,anton
אנטוניו,Antonio
אנטונינה,Antonina
אנטין,entin
אני,Anny
אנידור,Anidor
אניה,Anya
אניטה,Anita
אניל,Anil
אנילה,Anila
אניס,Anise
אניעם,Aniam
אניק,Annick
אנית,Anit
אנסטסיה,Anastasia
אנפה,Anafa
אנצל,Ancel
אנריקה,Enrique
אנריקו,Enrico
אס,Ace
אסא,Assa
אסולין,Asulin
אסי,Assi,asi
אסיה,Asia
אסייה,Asia
אסיף,Assif
אסנת,Osnat
אסף,Assaf,Asaf
אספה,Assafa
אספיר,Asfir,Aspir
אסרף,asraf
אסתי,Estee
אסתר,Esther
אפי,Effi
אפיק,Afik
אפק,Ofek,Afek
אפקה,Afeka
אפריים,Efraim
אפריל,April
אפרים,Efraim
אפרת,Efrat
אפשטיין,Epstein
אציל,Atzil
אקה,Aka
אקווה,Aqua
אקשטיין,Eckstein
אר,r
אראל,Erel,Arel
אראלה,Erella
ארביב,Arbiv
ארבל,Arbel
ארגון,Argon
ארגמן,Argaman
ארד,Arad
ארואטי,Arroati
ארואסטי,Aroesti
ארוש,arush
ארז,Erez
ארזה,Arza
ארזית,Arzit
ארי,Ari
אריאב,Ariav
אריאל,Ariel,arielle
אריאל-לינוי,Ariel-Linoy
אריאלה,Ariela
אריאלי,Arieli
אריאן,Ariane,arianne
אריאנה,Ariana
אריג,Arig
אריה,Arie
ארין,Erin,Eryn,Eirinn
ארינה,Arina
אריק,Arik,eric
אריקה,Erika
ארית,Arit
ארליך,Erlich
ארלין,Arleen,Arline,Arlyne
ארם,Aram
ארמונד,Armond
ארמוני,romanx
ארמי,arami
ארמן,Arman
ארמנדו,Armando
ארן,Aran
ארנה,Arna
ארנו,Erno
ארנולד,Arnold
ארנון,Arnon
ארנית,Oranit
ארנסט,Earnest
ארץ,Eretz
ארקדי,Arcadi,Arkady
ארתור,Arthur
אש,Ash
אשבל,Eshbal
אשד,Eshed
אשחר,Eshchar
אשטון,ashton
אשי,Ashi
אשיר,Ashir
אשירה,Ashira
אשכול,Eshkol
אשכנזי,Ashkenazi,Eskenazi,Ashkenazy
אשכנזי-גינדי,Ashkenazi
אשכר,Eshkar
אשל,Eshel
אשר,Asher
אשרי,Oshri
אשריאל,Oshriel
אשרית,Oshrit
אשרת,Oshrat
אתגר,Etgar
אתי,Eti
אתיאל,Etiel
אתלי,Atli
אתר,Atar
באום,Baum
באקמן,Backman
באר,Barr
באראש,Barash
בארי,Beeri
בברלי,Beverly
בהט,Bahat
בוגדן,Bogdan
בודיאנסקי,Bodiansky
בוזגלו,buzaglo
בוכניק,buchnik
בוכריס,Buchris
בוני,Bonnie
בוניטה,Bonita
בוסקילה,buskila
בועז,Boaz
בוצר,Botzer
בוריס,Boris
בורנשטיין,Bornstein
בושם,Bosem
בושמת,Bosmat
בז,Baz
בזה,Beza
בט,Bette,Beth
בטי,Bettie,Betty
בטינה,Bettina,betina
ביאטריס,Beatrice
ביטון,Biton,Bitton
ביידר,Baider
ביילה,Baila
בילה,Beyla
בילהה,Bilha
בילי,Billy,Billie
בינה,Bina
בינימין,Binyamin,Benjamin
בינת,Binnat
בירן,Biran
בירנית,Biranit
בית,Home
בכור,Bechor
בכורה,Bechora
בכר,bachar
בל,Bell
בלאנש,Blanche
בלדד,Bildad
בלה,Bella,Belle
בלהה,Bilha
בלוך,Bloch
בלומה,Bluma
בלומין,Blumin
בלחנס,Blhns
בלייק,Blake
בלן,Balan
בלנקה,Blanca
בלס,balas
בלסקי,Belski
בן,Ben
בן-אל,Ben-El
בן-אלישע,ben-elisha
בן-ארי,ben-ari
בן-דהן,Ben-Dahan
בן-דוד,Ben-David
בן-דור,ben-dor
בן-חור,Ben-Chur,Ben-Hur
בן-טובים,ben-tovim
בן-יאיר,Ben-Yair
בן-יוסף,Ben-joseph
בן-יקר,Ben-Yakar
בן-עזרא,ben-ezra
בן-עטר,ben-attar
בן-עמי,Ben-Ami
בן-ציון,Ben-Tzion
בנאל,Benel
בנארי,Benari
בנדלק,Bendelac
בנו,Benno
בנט,bennett
בנטוב,Bentov
בני,Benny,ivon
בניאל,Beniel
בניה,Bnaya
בניהו,Bnayahu
בנימין,Binyamin,Benjamin,Benyamin
בנימינה,Binyamina
בנלי,Benli
בנצי,Bentzi
בס,bass
בסון,Basson
בעז,Boaz
בצלאל,Betzalel
בקי,Becky,Beckie
בקר,beker
בקשי,Bakshi
בר,Bar
בר-אוריין,Bar Oriyan
בר-אל,Bar El,Bar-El
בר-טור,Bar-Tur
בר-יוחאי,Bar-Yochai
בר-מזל,Bar Mazal
בראל,Barel
בראשית,Bereshit
ברבי,berrebi
ברברה,Barbara
ברגשטיין,bergstein
ברדה,Barda
ברויאר,Breuer
ברוך,Baruch
ברוכה,Brucha
ברונה,Bruna
ברונו,Bruno
ברוס,Bruce
ברוק,Brooke
ברוריה,Bruria,Brurya
ברוש,Brosh
ברזילי,Barzilai,Barzilay
ברטה,Bertha
ברטין,Bertin
ברטינה,Bertina
ברי,Berri
בריאן,Bryan,Brian
ברימר,Brimer
ברית,Brit
ברית-אל,Brit El,Brit-El
ברכה,Bracha
ברל,Berl,Brel
ברמן,Barman,Berman
ברנדה,Brenda
ברנדון,brandon
ברניס,Bernice
ברנס,baranes,Burns
ברנר,Brener
ברנרד,Bernard
ברנרדו,Bernardo
ברנשטיין,Berenshtein
ברסלר,bressler
ברעם,Baram
ברק,Barak
ברקאי,Barkai
ברקוביץ,Berkovich
ברקמן,berkman
ברקן,Barkan
ברקת,Bareket
בשור,Bsor
בשורה,Bsora
בשם,Bosem
בשמת,Bosmat
בשן,bashan
בת,Bat
בת-אור,Bat Or,Bat-Or
בת-אל,Bat El,Bat-El
בת-גל,Bat Gal
בת-גלים,Bat Galim
בת-דור,Bat-Dor
בת-חיל,Bat Chayil,Bat-Chayil
בת-חן,Bat Chen,Bat-Chen
בת-מלך,Bat Melech
בת-נדיב,Bat Nadiv
בת-עמי,Bat Ami
בת-ציון,Bat Tzion,Bat-Tzion
בת-ציונה,Bat Tziona
בת-קול,Bat Kol
בת-שבע,Bat Sheva,Bat-Sheva
בת-שחר,Bat Shahar
בתאל,Batel
בתואל,Betuel
בתיה,Batya
בתלי,Batli
גאולה,Geula
גאות,Geut
גאי,Guy
גאיה,Gaya,Gaia
גאיה-לי,Gaya Li
גאל,Gaal,Goel
גב,Gev,Gab
גבאי,Gabbay,Gabay
גבי,Gabbi,Gabi
גביש,Gavish
גבע,Geva
גבעול,Givol
גבעון,Givon
גברי,Gavri
גבריאל,Gavriel,Gabriel
גבריאלה,Gavriela,Gabriela
גבריאלי,Gavrieli
גברעם,Gevaram
גד,Gad
גדי,Gadi
גדיאל,Gadiel
גדיאלה,Gadiela
גדית,Gadit
גדליה,Gedaliah
גדליהו,Gdaliahu
גדסי,Gadassi
גדעון,Gideon
גדעונה,Gideona
גואטה,Gueta
גואל,Goel
גובאני,Giovannini
גודי,Judy,Judi
גוט,Gott
גוטמן,Gutman
גול,Goll
גולד,Gold
גולדברג,Goldberg
גולדה,Golda
גולדי,Goldi
גולדין,Goldin
גולדמן,goldman
גולדנברג,Goldenberg
גולדשטיין,Goldstein,Goldshtein
גולדשמידט,Goldschmidt
גוליה,Julia
גולן,Golan
גולני,Golani
גומא,Gome
גון,Gon,john
גונזלס,gonzalez
גוני,Guni,Goni
גונן,Gonen
גוסטב,Gustave
גופנה,Gofna
גור,Gur
גוראל,Gurel
גורג,George
גורדון,Gordon
גורי,Guri,Juri
גוריאל,Guriel
גוריה,Gurya
גוריון,Guryon
גורין,Gorin
גורית,Gurit
גורל,Goral
גורמן,Gurman
גורן,Goren
גושן,Goshen
גזית,Gazit,Gazith
גחלת,Gachelet
גי,Gee
גיא,Guy
גיאה,Gia
גידי,Gidi
גיה,Gia
גיורא,Giora
גיטה,Gita
גיי-גיי,JJ
גייסון,jason
גייק,Jake
גיל,Gil
גיל-לי,Gil Li,Gil-Li
גיל-עד,Gil Ad,Gil-Ad
גילאור,Gilor
גילאת,Gilat
גילברט,Gilbert
גילה,Gila,Giloh
גילי,Gili,joel,golov
גיליה,Gilia
גילית,Gilit
גילן,Gillen
גילעד,Gilad
גילת,Gilat
גינדי,Gindi
גינדין,Gindin
גינת,Ginat
גירון,Giron
גיתאי,Gitay
גיתית,Gitit
גל,Gal,joel,golov
גל-אור,Gal Or,Gal-Or
גלאדיס,Gladys
גלאון,Galon
גלאור,Galor
גלבוע,Gilboa
גלדיס,Gladys
גלוזמן,Gluzman
גלוריה,Gloria
גלזר,Glazer,Glaser
גלי,Gali
גליה,Galia
גליל,Galil
גלילה,Galila
גלינה,Galina
גליק,Glick
גלית,Galit
גלנץ,Glanz
גלעד,Gilad
גלעדי,Giladi
גלר,Geller
גמילה,jamilla
גמליאל,Gamliel
גן,Gan,jen,Gene
גנאל,Ganel
גנדלמן,Gandelman
גנדלר,gendler
גנור,Ganor
גנז,gans
גני,Gani,jenny,jnay,jani
גניה,Genia
גניפר,Jennifer
גנית,Ganit
גנסטיל,Gnstil
גסיקה,Jessica
געש,Gaash
גפן,Geffen,gefen
גפנה,Gafna
גפני,gafni
גפנית,Gefanit
גפרי,Jeffrey
גרא,Gera
גרג,Greg
גרגורי,Gregory
גרוס,Gross
גרוסמן,Grosman,Grossman
גרטה,Gretta,Gerta
גרטי,Gertie,Garty
גרי,Gerry
גריגורי,Gregory
גרייס,Grace
גרינברג,Grinberg,Greenberg
גרינג,gering
גרינפלד,Greenfeld
גרמי,jeremy,Jeremy
גרנובסקי,Granovsky
גרניט,Granit
ד,D.
דאובר,Dauber
דאלווה,dalva
דארקו,darko
דאשה,Dasha
דבאח,Dabah
דבון,devon
דבורית,Dvorit
דבוש,Dabush
דבי,Debbie,Dabi,Debby
דביר,Dvir
דבירה,Dvira
דברת,Dovrat
דבש,Dvash
דגן,Dagan
דגני,Dgani
דגניה,Dgania
דגנית,Dganit
דדון,Dadon
דהן,Dahan
דובב,Dovev,Dovav
דובי,Dubi,Dovi
דוברת,Dovrat
דוד,David
דודו,Dudu
דודי,Dudy
דויד,David
דוידה,Davida
דוידוב,Davidov
דוידי,Davidi
דוידסון,Davidson
דולב,Dolev
דולגין,Dolgin
דולורס,Dolores
דולי,Dolly
דולפין,Dolphin
דון,Dawn,Don
דונה,Donna
דונלד,Donald
דור,Dor,Doro
דור-אל,Dor El
דוראל,Dorel
דורה,Dora
דורון,Doron
דורונה,Dorona
דורותי,Dorothy
דורי,Dori
דוריאב,Doriav
דוריאל,Doriel
דוריאן,Dorian
דוריה,Doria
דורין,Dorine,Doreen,Dorin
דורינה,Dorina
דוריס,Doris
דורית,Dorit
דורל,Dorel
דורלי,Dorli
דורן,Doran
דותן,Dotan
די,Di
דיא,Dia
דיאגו,Diego
דיאז,Diaz
דיאן,Diane,Dyanne
דיאנה,Diana
דידה,Dido
דיה,Daya
דיוה,Diva
דיויד,David
דייב,Dave
דייויד,David
דייזי,Daisy,Daizy
דייכובסקי,Deichovsky
דיין,Dayan
דילן,Dillen,Dylan
דימה,Dima
דימונה,Dimona
דימטרי,Dimitri
דימיטרי,Dimitri
דימרי,Dimri
דין,Dean
דין-דין,Din Din
דינה,Dina
דינור,Dinur
דיס,Dis
דיסקונט,Discount
דיצה,Ditza
דיקלה,Dikla
דיקמן,Dickman
דיתה,Dita
דיתי,Diti,Ditie
דלאל,Dalal
דלב,Dolev
דלי,Daly
דליה,Dahlia
דלילה,Dlila
דלית,Dalit
דלפין,Delphine
דמארי,Damari
דמי,demi
דמיטרי,Dmitry
דמרי,Dimri
דמתי,Damti
דן,Dan
דן-דן,Dan Dan
דנאור,Danor
דנאל,Danel
דנדן,Dandan
דנה,Dana
דנה-לי,Dana Li
דנטה,Dante
דני,Danny,Dani
דניאל,Daniel,Danielle
דניאל-לי,Daniel Li
דניאלה,Daniela
דניאלי,Danieli
דניה,Danya
דניס,Denise
דנית,Danit
דנציגר,Danziger
דסי,Dasi
דסקל,Daskal
דפי,Daphi
דפנה,Dafna
דפני,Daphne
דפרוש,Dfrosh
דקל,Dekel
דקלה,Dikla
דקר,Dakar
דר,Dar,diari,diari
דראל,Darel
דרבי,Derby
דרוקר,Druker
דרור,Dror
דרורה,Drora
דרורית,Drorit
דרורלי,Drorli
דריה,Darya,Daria
דשא,Deshe
דתיה,Datia
האגן,Agan,Hagen
האקדמית,Academic
הארי,Harry
הבוקר,Boker
הבל,Abel
הגות,Hagut
הגר,Hagar
הגרה,Hagara
הד,Hed
הדדי,hadadi
הדה,Hedda
הדורם,Hadoram
הדי,Hedy
הדס,Hadas,hadass
הדסה,Hadassa
הדר,Hadar
הדרה,Hadara
הדרי,Hadari
הדריה,Hadarya
הוגו,Hugo
הוד,Hod
הודאל,Hodel
הודיה,Hodaya
הודייה,Hodaya
הודליה,Hodelya
הווארד,Howard
הוורד,Howard
הוט,Hot
הוכמן,Hochmann
הולי,Holly
הופמן,Hoffman
הורוביץ,Horowitz,Horovitz
הוריה,Horiya,Horaya
הושע,Hosha
הטי,Hatty
היא-לי,Hi Li,Hi-Li
היאלי,Hili
היבה,hiba
היידי,Heidi,Haydee
היילי,Hayley
היכל,Heichal
הילאי,Hilay
הילדה,Hilda
הילה,Hila
הילטון,Hilton
הילי,Hili
הילית,Hilit
הילל,Hillel
הילרי,Hillary
הינדי,Hindie
הירש,Hirsh
הלה,Hela
הלי,Hali
הליה,Halya
הליס,halis
הלית,Halit
הלל,Hillel,Hallel
הללויה,Haleluya
הללי,Haleli
הלליה,Halelya
הלמן,Helman
הלן,Helen
הלנה,Hellena,Helena
הלני,Helleni
הלפרין,halperin
הלר,Heller
המרמן,hamerman
הנדל,Hendel
הנס,Hans
הנרי,Henri,Henry
הנרייט,Henriette
הנריך,Heinrich
הנריקה,Henrique
הס,Hass
הסוב,Sub
הסיני,Sinay
הקטור,Hector
הראל,Harel
הראלה,Harela
הרב,Rabbi
הרדוף,Harduf
הרווי,Harvey
הרוש,Haroush
הרי,Harry
הריסון,harrison
הרמן,Hermann,herman
הרן,Haran
הרסט,Hurst
הרפז,Harpaz
הרצל,Hertzel
הרצליה,Hertzelia
הררי,harari,Harary
הרשל,Herschel
הרשקוביץ,hershkovich,Herskovits
השני,Shany
ואל,El-Hai
ואלי,El-Hai
ואלרי,Valerie
ואלריה,Valeria
ואנונו,Vanunu
ודים,Vadim
ווטס,Watts
וויין,Wayne
וויליאם,William
וולטר,Walter
וולף,Wolf
וולקוב,Volkov
ויאולה,Viola
וידאל,Vidal
וידה,Vida
ויוה,Viva
ויוי,Vivi
ויויאן,Vivian
ויויאנה,Viviana
ויולה,Viola
ויולט,Violet
ויולטה,Violeta
ויזל,Vizel
ויטה,Vita
ויטל,vitale
ויטלי,Vitaliy,vitaly
ויילר,Weiler
ויינר,Weiner,Vainer
וייס,Weiss
וייסמן,Weissman
וייץ,Weitz
ויל,Vil,Will
וילי,Willy,Willie
ויליאם,William
וילנסקי,vilensky,Vilenski
וילנר,Wilner
וינברג,Weinberg
וינגרטן,Weingarten
ויניצקי,Vinitsky
ויצמן,Weizmann,Vitzman
ויק,Vic
ויקה,Vika
ויקטור,Victor
ויקטוריה,Victoria,Viktoria
ויקי,Vicky,Vickie,Viki
וכטל,Wachtel
ולאדו,Vlado
ולד,Wald
ולדה,Valda
ולדי,Vladi
ולדימיר,Vladimir
ולדיסלב,Vladislav
ולדיק,Vladik
ולדמיר,Vladimir
ולי,Vali
ולנטין,Valentine
ולנטינה,Valentina
ולרי,Valerie,Valeri
ולריאן,Valerian
ולריה,Valeria,Valeriya
ולריו,Valerio
ונדה,Vanda
ונסה,Vanessa
ונציה,Venesia,Venezia
וסילי,Vasiliy
וסרמן,Vasserman
וקטוריה,Victoria
וקנין,vaknin
ורד,Vered
ורדה,Varda
ורדי,vardi
ורדינה,Vardina
ורדית,Vardit
ורה,Vera
ורוניק,Veronic
ורוניקה,Veronica
זאב,Zeev
זאביק,zevik
זאדה,Zada
זאהי,Zahi
זאובר,Sauber
זאורי,Zauri
זאן,Jan,Jean
זאן-כריסטוף,Jean-christophe
זבולון,Zvulun
זגורי,Zagury
זהבה,Zehava
זהבי,Zehavi
זהבית,Zehavit
זהורית,Zehorit
זהר,Zohar
זהרה,Zohara,Zahara
זהרירה,Zaharira
זהרית,Zaharit
זו-לי,Zu-Li
זואי,Zoey
זואל,Zuel
זוהאן,zohan
זוהי,Zohi
זוהר,Zohar
זוהרה,Zohara
זוהרית,Zoharit
זוהרת,Zoheret
זוזף,Josefs
זויה,Zoya
זוין,Zevin
זומר,sommer
זיגלמן,Zigelman
זיגמונד,Sigmond,Siegmund
זיו,Ziv
זיוה,Ziva
זיוון,Zivan
זיוית,Zivit
זיון,Zivan
זיונית,Zivanit
זיידמן,Seidman,Zaidman
זילברמן,Zilberman
זילברשטיין,Silberstein
זילכה,zilka
זילפה,Zilpa
זימרה,Zimra
זימרת,Zimrat
זימרתיה,Zimratya
זינאתי,Zinati
זינה,Zina
זינט,Zinet
זיסי,Zisi
זיקה,Zika
זך,zach
זכאי,Zakai,Zakay
זכה,Zaka
זכות,Zchut,Zakut
זכי,Zaki
זכריה,Zecharia
זלדה,Zelda
זליג,Zelig
זלמן,Zalman
זלפה,Zilpa
זלץ,Salz
זמיר,Zamir
זמירה,Zmira
זמר,Zemer
זמרה,Zimra
זמרת,Zimrat
זמרתיה,Zimratya
זנדהאוז,Sandhaus
זעירא,Zeira
זק,Zak
זקי,Zaki
זר,Zer
זרביב,Zarbib
זרובבל,Zrubavel
זרח,Zarach
זרי,Zeri
זריהן,Zrihan
זרית,Zerit
חבאני,Haban
חביב,Chaviv,Havivi
חביבה,Chaviva
חביבית,Chavivit
חבצלת,Chavatzelet
חבר,Hever
חגבי,hajbi
חגי,Hagai,Chagai
חגית,Hagit,Chagit
חדד,Hadad
חדוה,Hedva,Chedva
חואן,Juan
חואנה,Juana
חובב,Chovav
חוה,Hava,Chava
חוזה,Jose
חולון,Holon
חוליו,Julio
חוף,Chof,Hof
חופי,Chofi,Hofi
חופית,Chofit,Hofit
חופש,Chofesh
חופשיה,Chofshiya
חורב,Chorev
חורש,Choresh
חושן,Choshen
חזון,Chazon,hazon
חזי,Hezi,Chezi
חזן,Hazan
חזקיה,Chiskiyah,Hiskiyah
חזקיהו,Chiskiyahu,Hiskiyahu
חטב,hatav
חי,Chai,Hai
חיבה,Chiba
חיה,Haya,Chaya
חיון,Hayun
חיות,Chayut
חיותה,Chayuta
חיטה,Chita
חיים,Haim,Chaim,hayumi
חיימוב,haimov
חיימי,Jaime
חייק,Haik
חיליק,Chilik
חיננית,Chinanit
חירות,Cherut
חכם,Chacham
חכמון,Hakmon
חלום,Chalom
חלי,Cheli
חלפון,Halfon
חלפין,Halfin
חמאמה,Hamama
חמד,Hemed
חמדה,Chemda
חמדת,Chemdat
חמו,hamou,hemo
חמוטל,Chamutal
חמי,Chemi
חממי,Hamami
חן,Chen,Hen
חן-לי,Chen-Li
חנה,Chana,Hannah
חנוך,Chanoch
חנוכה,Chanuka
חני,Chani,Hani,Cheni
חניאל,Chaniel
חנינה,Chanina
חנית,Chanit,Chenit
חניתה,Chanita
חנן,Chanan,Hanan
חננאל,Chananel
חנניאל,Chananiel
חנניה,Chananya
חננית,Chinanit
חסד,Chesed
חסון,Hason
חסיד,Chasid
חסידה,Chasida
חסיה,Chassia,Hassia
חפץ,Chefetz
חפץ-חיים,Hafetz Hayim
חפצי,Cheftzi
חפצי-בה,Cheftzi Ba,Cheftzi-Ba
חפציבה,Cheftziba
חפר,Chefer,Hefer
חצב,Chatzav
חצרוני,Hetzroni
חרות,Cherut
חרמון,Chermon
חרמונה,Chermona
חשאי,Hashai
חשן,Choshen
חתם,Hatam
טאובר,Tauber
טאודור,Teodor
טאטיאנה,Tatiana
טאטינה,Tatina
טאי,Tai
טארה,Tara
טביב,Tabib
טביבי,tabibi
טבע,Teva
טבת,Tevet
טד,Ted
טדי,Teddy
טהורה,Tehora
טהר,Tohar
טהרה,Tahara
טו,Tu
טוב,Tov,Tuv
טוב-רואי,Tov Roi
טובאל,Tuvel
טובה,Tova
טובי,Toby
טוביאס,Tobias
טוביה,Tuvia
טובית,Tuvit
טוגנדהאפט,tugendhaft
טוהר,Tohar
טוויג,Twig
טויטו,twito
טולי,Tully
טוליק,Tolik
טום,Tom
טומי,Tommy
טוני,Tony
טופז,Topaz
טטיאנה,Tatiana
טיברג,Tiberg
טיה,Tia
טילי,Tilly
טים,Tim
טימור,Timor
טינה,Tina,Teena
טיראן,Tiran
טירן,Tiran
טירנית,Tiranit
טל,Tal
טל-אור,Tal-Or
טל-אל,Tal El,Tal-El
טל-חן,Tal Chen,Tal-Chen
טל-יה,Tal-Ya
טל-שחר,Tal-Shahar
טלאור,Talor
טלאל,Talel
טלי,Tali
טליה,Talya,Talia
טלילה,Tlila
טללית,Tlalit
טלמור,Talmor
טמיר,Tamir
טמירה,Tmira
טמסוט,Tmsot
טנא,Tenne
טניה,Tanya,Tania,Tanja
טס,Tess
טסה,tessa
טפירו,Tapiro
טפת,Tafat
טרה,Terra
טרז,Terese,Terez
טרזה,Teresa,Tereza,Theresa
טרילידור,Trilidor
יאיר,Yair
יאירה,Yaira
יאל,Yal
יאלי,Yali
יאן,Yan
יאנה,Yana
יאני,jani
יאשיהו,Yoshiyahu
יבגני,Yevgeni,Evgeny,Yevgeny,Evgeni
יבגניה,Yevgeniya,Evgenia,yevgenia
יבין,Yavin
יבניאלה,Yavniela
יבשם,Yivsam
יגאל,Yigal,Igal
יגאלה,Yigaela
יגב,Yogev
יגור,Yagur
יגיל,Yagil
יגל,Yagel
ידהר,Yidhar
ידיד,Yadid
ידידה,Yedida
ידידיה,Yedidya
ידין,Yadin
ידיר,Yadir
ידעיה,Yedaaya
יה-לי,Yali,Yah-Li
יהב,Yahav
יהבה,Yahava
יהואש,Yehoash
יהודה,Yehuda,Judah
יהודי,Yehudi
יהודית,Yehudit,Judith,judit
יהוידע,Yehoyada
יהויקים,Yehoyakim
יהונדב,Yehonadav
יהונתן,Yehonatan,Jonathan
יהורם,Yehoram,Yoram,Jehoram
יהושוע,Yehoshua,Joshua
יהושע,Yehoshua,Joshua
יהל,Yahel
יהלאור,Yahelor
יהלה,Yahela
יהלום,Yahalom
יהלומה,Yahaloma
יהלומית,Yahalomit
יהלי,Yaheli
יואב,Yoav
יואל,Yoel,Joel
יואלה,Yoela
יואלי,Yoeli
יואלית,Yoelit
יואן,Yoan
יואנה,Yoana,Joanna
יואש,Yoash
יובב,Yovav
יובל,Yuval,Yovel
יוגב,Yogev
יודפת,Yodfath
יוהד,Yohad
יוחאי,Yochai
יוחי,Yochi
יוחנן,Yohanan,Johanan
יוטבת,Yotvat
יוכבד,Yocheved,Jocheved
יוכי,Yochi
יולי,Yuly,July
יוליאנה,Juliana
יוליה,Yuliya,Yulia
יוליו,Julio
יוליוס,Julius
יולנדה,Yolanda
יום-טוב,Yom Tov,Yom-Tov
יומי,Yomi
יון,Yon,Yoon
יונדאי,Hyundai
יונדב,Yonadav
יונה,Yona
יוני,Yoni,june
יונינה,Yonina
יונית,Yonit
יונת,Yonat
יונתן,Yonatan,Jonathan,Jonatan
יוסי,Yossi,Yosi
יוסף,Yoseph,Joseph,Yossef,Yosef,Josef
יוספה,Yosepha,Josepha
יועד,Yoad
יופי,yofi,Yaffi
יופיאל,Yofiel
יופיס,Iofis
יופית,Yofit
יוקד,Yoked
יוקו,Yoko
יוראי,Yoray
יורטל,Yortal
יורי,Yuri
יורית,Yorit
יורם,Yoram,Yehoram
יותם,Yotam
יזהר,Yizhar
יזרעאל,Izrael
יזרעאלה,Izraela
יזרעאלי,Izraeli
יחד,Yachad
יחזקאל,Yechezkel,Yehezkel
יחי,Yechi
יחיאב,Yechiav
יחיאל,Yechiel
יחיאלה,Yechiela
יחיעד,Yechiaad
יחיעם,Yehiam
יטבת,Yotvat
ייטב,Yitav
יינון,Yinnon
יכין,Yachin
ילון,Yalon
ילי,Yali
ילין,Yalin
ילינה,Yelena
ילנה,Yelena
ים,Yam
ימימה,Yemima
ימין,Yamin
ימית,Yamit
ינאי,Yannai,yanay,yanai
ינאית,Yanaait
ינה,Yanna
ינוב,Yanuv
ינון,Yinon,Inon
יניב,Yaniv
ינינה,Yanina
יניר,Yanir
ינית,Yanit
ינעם,Inaam
יסכה,Yiska,Jesca
יסמין,Yasmine,Jasmine,Yasmin
יסעור,Yasur
יסף,Yassaf
יעד,Yaad
יעל,Yael
יעל-חן,Yael Chen
יעלה,Yeela
יעלי,Yaeli
יעלת-חן,Yaelat Chen
יעקב,Yaakov,Jacob,Yacov,Yakov
יעקוב,Yaakov,Jacob
יעקובה,Yaacova
יער,Yaar
יערה,Yaara
יערי,Yaari
יערית,Yaarit
יפה,Yafa,Yaffa,Yaffe,Yafe
יפים,Yefim
יפית,Yafit
יפעה,Ifah
יפעת,Yifat,Ifat
יפעתי,Yifaati
יפרח,Yifrach
יפת,Yefet
יפתח,Yiftach,iftach
יצהל,Yitshal
יצהר,Yitzhar
יצחק,Yitzhak,Isaac,itzhak,Chechik
יצחקי,Itzhaki
יציר,Yatsir
יקותיאל,Yekutiel
יקטרינה,Yekaterina
יקי,Yaki
יקים,Yakim
יקיר,Yakir
יקירה,Yakira
יקרה,Yekara
יקרת,Yikrat
יראון,Yiron
יראל,Yarel
יראת,Yiraat
ירדן,Yarden,Jordan
ירדנה,Yardena
ירדני,Yardeni
ירוחם,Yerucham
ירום,Yarom
ירון,Yaron
ירונה,Yarona
ירוני,Yaroni
ירוסלב,Yaroslav
ירושליים,Jerusalem
ירושלים,Yerushalaim,Jerusalem
ירושלם,Yerushalem,Jerusalem
ירושלמית,Yerushalmit
ירח,Yarach
ירחמאל,Yerachemel
ירחמיאל,Yerachmiel
יריב,Yariv
ירין,Yarin
ירינה,Yarina
ירמי,Yirmi
ירמיה,Yirmiya,Jeremaih
ירמיהו,Yermiyahu,Jeremiah
ירנין,Yarnin
ירעם,Yiram
ירקון,Yarkon
ירקונה,Yarkona
ישגב,Isgav
ישגה,Yisge
ישועה,Yeshuaa
ישורון,Yeshurun,Jeshurun
ישי,Yishai
ישיב,Yashiv
ישכר,Isaskhar
ישעיה,Yeshaya
ישעיהו,Yeshayahu
ישפה,Yashphe
ישראל,Israel
ישראלה,Israela
ישראלית,Israelit
ישרים,Yesharim
ישרכרד,Isrcrd
יששכר,Isaskhar
יתד,Yated
יתיר,Yatir
יתר,Yeter
יתרו,Itro
כדורי,Kaduri,Caduri
כדיה,Kadya
כדית,Kadit
כדן,Kadan
כהן,Cohen
כוכב,Kochav,Kohav
כוכבה,Kochava
כוכבי,Kochavi,cohavi
כוכבית,Kochavit
כוכבת,Kochevet
כוכי,Kochi
כורש,Koresh
כותל,Kotel
כחל,Kachal
כינר,Kinar
כינרת,Kinneret
כיסוף,Kisuf
כליל,Klil
כליל-שמים,Klil Shamaim
כלילה,Klila
כלנית,Kalanit
כמונה,Kamona
כמיסה,kamisa
כמלוף,Mahluf
כנור,Kinor
כנען,Cnaan
כנענית,Cnaanit
כנף,Kanaf
כנר,Kinar,Kaner
כנרת,Kineret
כסיף,Kasiff
כספית,Kaspit
כפיר,Kfir
כץ,Katz
כצמן,Katzman
כריסטופר,Christopher
כריסטינה,Christina
כרכום,Karkom,Carcom
כרם,Kerem
כרם-יה,Kerem-Ya
כרמון,Carmon
כרמי,Carmi
כרמיה,Carmia
כרמית,Carmit
כרמל,Carmel
כרמלה,Carmela
כרמלית,Carmelit
כרמן,Carmen
כשר,Kasher
כתר,Keter
כתריאל,Katriel
לאה,Lea
לאו,lowe
לאון,Leon
לאונור,Leonor
לאוניד,Leonid
לאונרד,Leonard
לאונרדו,Leonardo
לאור,Laor
לאורה,Laura
לאל,Lael
לאלי,Lali
לאמי,Lami
לאן,Lan
לאנג,Lang
לארה,Lara
לארי,Lary
לב,Lev,elaev,alayev
לבב,levav
לבבית,Levavit
לבונה,Levona
לביא,Lavi,Lavy
לביאה,Levia
לבן,Lavan
לבנה,Levana
לבנון,Levanon
לבנת,Livnat
לגזיאל,Lagziel
לדרר,lederer
להב,Lahav
להבה,Lehava
להט,Lahat
להמן,Lehmann
לו,Lou
לואב,Loeb
לואי,Louie
לואיס,Louis
לואיסה,Louisa
לובה,Luba
לוגסי,lugasi
לודמילה,Ludmila
לוז,Luz
לוזית,Luzit
לוטוס,Lotus
לוטם,Lotem
לוטן,Lotan
לוי,Levy,Levi,halevy
לויה,Leviya,Loya
לוין,levin
לוינסון,Levinson
לולה,Lola
לולו,Lulu
לוליטה,Lolita
לונה,Luna
לוסי,Lucy,Lusi
לוסיאנה,Luciana
לוסיה,Lucia
לוסיל,Lucille
לופו,Lupo
לוק,Luke
לוקה,Luca
לוקסנבורג,Luxenburg
לורה,Lora
לורטה,Loreta
לורי,Lori
לוריא,Luria
לוריאן,Lorien
לוריין,Lorraine
לורין,Lorraine
לורן,Lorraine,lauren,lorne,Loren
לורנה,Lorena
לחן,Lachan
לטם,Lotem
לי,Li,Lee
לי-אב,Li-Av
לי-און,Li On,Li-On
לי-אור,Li Or,Li-Or
לי-אל,Li El,Li-El
לי-אן,Li An,Li-An
לי-את,Li At,Li-At
לי-בר,Li-Bar
לי-גל,Li Gal
לי-דור,Li Dor,Li-Dor
לי-היא,Li Hi,Li-Hi
לי-חן,Li Chen,Li-Chen
לי-טל,Li Tal,Li-Tal
לי-יה,Li-Yha
לי-ים,Li Yam,Li-Yam
לי-מאי,Limei
לי-מור,Li Mor,Li-Mor
לי-נוי,Li Noy,Li-Noy
לי-נס,Li-Ness
לי-עד,Li Ad,Li-Ad
לי-פז,Li Paz
לי-רון,Li Ron,Li-Ron
לי-רז,Li Raz,Li-Raz
לי-רן,Li Ran
לי-שי,Li Shay,Li-Shay
ליאב,Liav
ליאד,Liad
ליאה,Lea
ליאו,Leo
ליאון,Lion
ליאונור,Leonor
ליאונורה,Leonora
ליאוניד,Leonid
ליאור,Lior
ליאורה,Liora
ליאורי,Liori
ליאורית,Liorit
ליאל,Liel
ליאלי,Lieli
ליאם,Liam
ליאן,Lian,Leanne
ליאנה,Leanna,Liana
ליאת,Liat
ליאתי,Liati
ליב,Liv,Lib
ליבא,Liba
ליבאת,Libat
ליבה,Liba
ליבוביץ,Leibovitch
ליבי,Libi
ליבית,Libit
ליבמן,Libman
ליבנה,Livne,livneh
ליבנת,Livnat
ליבר,Liber
ליברמן,liberman
ליבת,Libat
ליגד,Ligad
ליגל,Ligal
לידור,Lidor
לידי,Lidi
לידיה,Lydia,Lidya
לידן,Lidan
לידר,Lidar
ליה,Lea,Lia
ליהו,Lihu
ליהוא,Lihu
ליהוד,Lihod
ליהי,Lihi
ליהיא,Lihi
ליהם,Liham
ליהן,Lihan
ליובוב,Lyovov
ליודמילה,Lyudmila
ליון,Lion
ליז,Liz
ליזה,Liza,Lisa
ליזט,lizet
ליזטה,Lizetta
ליזי,Lizi
ליחי,Lichai
ליחן,Lichen
ליטל,Lital
ליטם,Litam
ליטן,Litan
ליי,Lei
לייבוביץ,Leibowitz
לייה,Liya
לייזר,Leizer
ליים,Liyam
ליל,Lil
לילי,Lily,Lili
ליליאן,Lilian,Lillian
ליליאנה,Liliana
ליליה,Lilya,Lilia,Liliya
לילית,Lilit
לילך,Lilach,Lilah
לימאי,Limei
לימור,Limor
לין,Lin
לינדה,Linda
לינדזי,lindsay
לינה,Lina
לינוי,Linoy
לינויה,Linoya
לינור,Linor
לינט,Linette
לינת,Linet
ליסה,Lissa
ליעד,Liad
ליעוז,Lioz
ליעז,Liaz
ליעם,Liam
ליענה,Lianna
ליפז,Lipaz
ליפקין,Lipkin
ליפשיץ,Lifshitz
ליר,Lear
לירו,Valero
לירוז,Liroz
לירוי,Leroy
לירום,Lirom
לירון,Liron
לירונה,Lirona
לירז,Liraz
לירי,Liri
לירין,Lirin
לירית,Lirit
לירם,Liram
לירן,Liran,Doron
לישי,Lishay
ליתו,Litav
ללו,Lalo
ללי,Lali
לנדאו,Landau
לנה,Lena
לנור,Linor
לני,Lenny
לניגר,Langer
לנינה,Lenina
לניר,Lanir
לסלי,Lesly,Leslie,Lezly
לפיד,lapid
לקסי,lexi
לרה,Lara
לרין,Larin
לריסה,Larissa
לרר,Lerer
לשם,Leshem
מאבל,Mabel,Mable
מאור,Maor
מאט,Matt
מאי,May
מאיה,Maya
מאיה-לי,Maya Li
מאיר,Meir
מאירה,Meira
מאירי,Meiri
מאן,Mann
מאנוס,manus
מארה,mara
מארי,Maree,Mary
מאריאל,Mariel
מארק,Mark,Marc
מאשה,Masha
מבורך,Mevorach
מבל,Mabel,Mable
מבשר,Mevaser
מבשרת,Mevaseret
מגדה,Magda
מגדלנה,Magdalena
מגי,Maggie
מגיד,Magid
מגל,Magal
מגלי,Magali,Magalie,Magaly
מגן,Magen
מדבר,Midbar
מדי,Madi
מדינה,Medina
מדליין,Madeleine
מדלן,Madelene
מדלנה,Madelena
מדמון,Madmon
מוגרבי,Mograbi
מודי,Modi
מוזס,Moses,Mozes
מוטי,Moti,Moty,mta
מויאל,Moyal
מולדת,Moledet
מולטימדיה,Multimedia
מולי,Muli
מונטה,Monte
מוני,Moni
מוניק,Monique
מוניקה,Monica,Monika
מוסקוביץ,Moskovich,Moskovitz
מועלם,Mualem,Moalem
מור,Mor,morr
מוראל,Morel
מורג,Morag
מורוזוב,morozov
מורז,Moraz
מורי,Mori
מוריאל,Moriel
מוריה,Moria
מורין,Morin
מוריס,Moriss
מוריץ,Moritz
מוריק,Morik
מורית,Morit
מורל,Moral
מורן,Moran
מורשה,Morasha
מוש,Mosh
מושי,Moshi
מושיק,Moshik
מושיקו,Moshiko
מושית,Moshit
מושקוביץ,Moshkovitz
מזור,Mazor
מזי,Mazi
מזל,Mazal
מזל-טוב,Mazal Tov,Mazal-Tov
מזלי,Mazali
מזלית,Mazalit
מזמור,Mizmor
מזר,mazar
מזרחי,Mizrahi,Mizrachi
מחול,Machol
מטי,Mati,Mathi
מטילדה,Matilda
מטמון,Matmon
מטר,Matar
מי-אל,Mi El
מי-זהב,Mei Zahav
מי-טל,Mey Tal,Mei-Tal
מיאל,Miel
מיגל,Miguel
מידד,Meydad,Medad
מידן,Meydan
מיה,Maya,Miya,Mia
מיזאן,Mizan
מיטב,Meytav
מיטבאל,Meytavel
מיטל,Meital
מיי,Mei
מייגן,Megan
מייה,Miya,Mia
מייטל,Meytal
מיילי,Miley
מייס,Mace
מייק,Mike
מייקי,Miky
מייקל,Michael
מיכאיל,Mikhail
מיכאל,Michael,Mich?l
מיכאלה,Michaela
מיכאלי,Michaeli
מיכה,Micha
מיכל,Michal
מיכל-לי,Michal Li
מיכלי,Michali
מיכלסון,michaelson
מילה,Mila
מילי,Mili,Milly
מילכה,Milka
מילן,Milan
מילנה,Milena,Milana
מילקה,Milka
מימון,Maymon,Maimon
מימי,Mimi
מינדי,Mindy
מינה,Mina
מינו,Mino
מינור,Minor
מיסי,Missie
מיץ,Mitch
מיקאלה,Micaella
מיקה,Mika
מיקי,Miki,Mickey
מירב,Meirav,Merav
מירה,Mira
מירו,miro
מירום,Mirom
מירון,Miron,Meron
מירי,Miri
מיריאנה,Miriana
מיריי,Mirei
מירית,Mirit
מירל,Mirell
מירם,Miram
מירן,Miran
מישאל,Mishael
מישה,Misha
מישיל,Micheal
מישל,Michel,michelle
מישר,Meishar
מיתר,Meitar
מכבי,Macabi
מכבית,Macabit
מכורה,Mechora
מלאך,Malaach
מלאכי,Malachi
מלאני,Melanie
מלבין,Malbin
מלודי,Melody
מלול,Mellul
מלי,Mali
מלי-חנן,Mali-Hanan
מליה,Melia
מליחי,malichi,Malihi
מלינה,Melina
מלינובסקי,Malinowski
מליסה,Melissa
מלך,Melech
מלכה,Malka
מלמן,Melman
מלנה,Melena
מלניה,Melania
מלץ,Maltz
ממו,Memo
מנדי,Mindy
מנדל,Mendel,mandel
מנואל,Manuel
מנוחה,Menucha
מנור,Manor
מנחה,Mincha
מנחם,Menachem,menahem
מני,Meni
מנשה,Menashe
מנשירוב,Mnshirov
מסיקה,Mesika
מסלוב,Maslov
מעגן,Maagan
מעוז,Maoz
מעיין,Maayan,Mayan,maayan
מעין,Maayan
מעינה,Maayana
מפל,Mapal
מצדה,Mezadah
מצליח,Matzliach
מקס,Max
מקסים,Maxim
מקסימוב,Maximov
מרב,Meirav
מרגוט,Margot
מרגוליס,Margolis
מרגלית,Margalit
מרגנית,Marganit
מרגרט,Margaret
מרגרטה,Margaretta
מרגריט,Margarit
מרגריטה,Margarita
מרדכי,Mordechai
מרווה,Marva
מרוין,Marvin,Marvine
מרום,Marom
מרון,Maron
מרחב,Merchav
מרטה,Martha
מרטין,Martin
מרי,Mary
מרי-אן,Mari Ann
מריאלה,Mariela
מריאנה,Mariana
מריאנו,Mariano
מריה,Maria
מריו,Mario
מריומה,Mariuma
מריטה,Marita
מרילין,Marilyn
מרים,Miryam
מרין,Marin
מרינה,Marina
מריקה,Marika
מרית,Marit
מרלין,Marlyn
מרלן,Marlene
מרלנה,Marlena
מרמור,Marmor
מרנין,Marnin
מרסדס,Mercedes
מרסל,Marcelle
מרסלה,Marcella
מרציאנו,Marciano,Marziano
מרק,Mark
מרקו,Marco
מרקוס,Marcus
מרתה,Marta
משאלה,Mishala
משאת,Masaat
משב,Mashav
משגב,Misgav
משה,Moshe,Moses,Moshe
משואה,Masuaa
משולם,Meshulam
משוש,Masos
משי,Meshi
משיח,Mashiach
משכית,Maskit
משרד,Office
מתוקה,Metuka
מתי,Mati
מתיה,Matia
מתיו,Matthew
מתילדה,Mathilda
מתן,Mattan,matan
מתן-אל,Mattan El,Mattan-El
מתנאל,Mattanel
מתנה,Matana
מתניה,Matanya
מתת,Mattat
מתתאל,Matatel
מתתיה,Matatya
מתתיהו,Matityahu
נאה,Naa,Nae
נאוה,Nava
נאומנקו,Naumenko
נאור,Naor
נאורה,Neora
נאיה,Naya
נאיר,Nair
נאית,Nait
נאנסי,Nancy
נבו,Nevo
נבון,Navon
נבונה,Nevona
נבות,Navot
נבט,Nevet,Navat,Nevat
נביעה,Nevia
נבל,Nevel
נג,Ng
נגב,Negev
נגבה,Negba
נגה,Noga
נגוהה,Negoha
נגינה,Negina
נגר,Nagar
נדב,Nadav
נדיב,Nadiv
נדיבה,Nediva
נדיה,Nadia,Nadya
נדיר,Nadir
נדלר,Nadler
נהור,Nahor
נהורא,Nehora
נהוראי,Nehorai
נהורה,Nehora
נהר,Nahar
נהרה,Nehara
נואית,Noit
נואל,Noel
נוב,Nov
נובה,Nova
נוביק,novick
נוגה,Noga
נוה,Nava,Nave
נוהר,Nohar
נווה,Nava,Nave
נווית,Navit
נוי,Noy
נויה,Noya
נוימן,Noyman
נוית,Navit
נולי,Nuli
נועד,Noad
נועה,Noa
נועז,Noaz
נועם,Noam
נוף,Nof
נופיה,Nofya
נופית,Nofit
נופך,Nofech
נופר,Nuphar,Nufar,Nofar
נופת,Nofet
נורברטו,Norberto
נוריאל,Nuriel
נוריה,Nuriya
נורית,Nurit
נזר,Nezer
נח,Noah
נחום,Nahum,Nachum
נחושתן,Nechushtan
נחל,Nachal
נחלה,Nachala
נחמה,Nechama
נחמיאס,Nahmias
נחמיה,Nechemya,nehemia
נחמן,Nachman,nahman
נחשול,Nachshol
נחשון,Nachshon
נטיעה,Netiaa
נטלי,Natalie,Natali,Nataly
נטליה,Natalia
נטע,Neta,Nata
נטע-לי,Neta Li,Neta-Li
נטעלי,Netali
נטף,Nataf
נטשה,Natasha
ניב,Niv
ניבה,Niva
ניבי,Nivi
ניימן,Neiman
ניל,Nile,Nil,Neal
נילי,Nili
נילית,Nilit
נימרוד,Nimrod
נינה,Nina
נינו,Nino
נינט,Ninnette
ניני,Nini
ניניו,Ninio
נינת,Ninnette
ניסו,Niso
ניסים,Nissim
ניסן,Nisan
ניצה,Nitza
ניצחית,Nitzchit
ניצן,Nitzan
ניצנה,Nitzana
ניצנית,Nitzanit
ניצת,Nitzat
ניק,Nick,Nik
ניקה,Nika
ניקו,Niko
ניקול,Nicole
ניקולאי,Nikolai
ניקולה,Nicola
ניקי,Nicki,Niki
ניקיטה,Nikita
ניר,Nir
ניראל,Nirel
נירה,Nira
נירון,Niron
נירי,Niri
ניריה,Nirya
נירית,Nirit
נירן,Niran
ניתאי,Nittai
ניתן,Nitan
נל,Nell
נלי,Nelly
נליה,Nelia
נמט,Nemeth
נמר,Namer
נמרה,Nemera
נמרוד,Nimrod
ננסי,Nancy
נס,Ness
נסאל,Nessel
נסי,Nessi
נסיה,Nessya
נסים,Nissim,nisim
נסלי,Nesli
נעה,Noa
נעים,naim
נעם,Noam
נעמה,Naama
נעמי,Naomi
נעמי-לי,Naomi Li
נעמית,Naamit
נעמן,Naaman
נפאל,Nepal
נפתלי,Naftali
נץ,Netz
נצח,Netsach
נצחיה,Nitschiya
נקר,Nakar
נקש,Nakash
נר,Ner
נרד,Nared
נרדית,Nardit
נרי,Neri
נריאל,Neriel
נריה,Neriah,Neria
נרייה,Neriya
נריעד,Neriad
נרית,Narit
נרקיס,Narkis
נשמה,Neshama
נשר,Nesher
נתאי,Nittai
נתי,Nati
נתיב,Nativ
נתן,Natan
נתן-אל,Natan El,Natan-El
נתנאל,Netanel
נתנאלה,Netanela
נתניאל,Nataniel
נתניה,Netanya
סאהה,Saha
סאן,San
סאני,Sunny
סארי,sari
סארין,Sarin
סבא,Grandfather
סבג,Sabag
סבטלאנה,Svetlana
סבטלנה,Svetlana
סביון,Savyon,Savion
סבינה,Sabina
סברובסקי,Swarovski
סברינה,Sabrina
סבתא,Grandmother
סגולה,Sgula
סגיב,Sagiv
סגיס,Sagis
סגית,Sagit
סגל,Segal
סגלית,Sigalit
סהר,Sahar
סו,Sue
סווטלנה,Svetlana
סוויסה,Swissa,Swisa
סוזאן,Susanne
סוזי,Suzy,Suzie,suzi
סוזן,Susane
סוזנה,Susanna
סול,Sol
סולומון,Solomon
סולטאנה,Sultana
סולי,Soly
סוניה,Sonya,Sonia
סוניטה,Sunita
סוף,Suf
סופה,Sufa
סופי,Sofy,Sofie
סופיה,Sophia,Sofia
סופית,Sufit
סופר,Soffer
סוקמן,Sukman
סורוקין,sorokin
סורי,Suri
סחלב,Sachlav
סחף,Sachaf
סטאר,Star
סטודנטים,Students
סטוקליצקי,Stoklitzki
סטי,Setti
סטיב,Steeve
סטיבן,Steven
סטיוארט,Stuart
סטין,Steen
סטלה,Stella
סטנלי,Stanley
סטס,stas
סטפן,Stefan
סטפני,Stephanie
סי,Si
סיאל,Siel
סיגי,Sigi
סיגל,Sigal,Siegel
סיגלית,Sigalit
סידני,Sydney
סיוון,Sivan
סיון,Sivan
סיטאר,Sitar
סיטבון,Sitbon
סיטר,Sitar
סייג,Sayag
סייפן,Sayfan
סייר,Sayar
סילבה,Silva
סילבי,Sylvie
סילביה,Sylvia
סילביו,Silvio
סילבן,Silvan
סילבנה,Silvana
סילברמן,silverman
סיליה,Cilia
סימה,Sima
סימון,Simon
סימונה,Simona
סימי,Simi
סימן,Siman
סימן-טוב,Siman Tov,Siman-Tov
סימנטוב,simantov
סינא,Sina
סינדי,Sindy,Cindy
סינואני,Sinvani
סינטיה,Sinthia
סיני,Sinai
סיניה,Sinaya
סיס,Sis
סיסי,Sisi
סירוטה,sirota
סיתונית,Sitvanit
סלבה,Slava
סלביה,Sylvia
סלביק,Slavik
סלה,Cellah
סלומון,Salomon
סלי,Sally
סלין,Celine
סלסה,Salsa
סלע,Sela
סלעית,Salit
סם,Sam
סמדר,Smadar
סמולנסקי,Smolensky
סמי,Sami
סמיון,Semyon
סמם,Samama
סמן-טוב,Siman Tov
סמנטה,Samantha
סמפסון,Sampson
סן,Sun
סנאית,Snaait
סנדי,Sandy
סנדרה,Sandra
סנדרין,Sandrine
סנונית,Snunit
סני,Sunny
סניידר,snyder
סניר,Snir
סעדי,Saadi
סעדיה,Seadia,saadia
סער,Saar
ספי,Seffi
ספיר,Sapir
ספירית,Sapirit
ספקטור,Spector
סקאי,Sky
סקוט,scott
סרגי,Sergei
סרגיי,Sergei,Sergey
סרחיו,Serjio
סשה,Sasha
סתו,Stav
סתוית,Stavit
סתיו,Stav
עאשור,Ashour
עבאדי,Abadi
עבודה,Work
עבודי,Abudi
עברי,Ivri
עבריה,Ivriya
עגור,Agur
עגמי,Ajami
עגן,Ogen
עגנון,Agnon
עד,Ad
עד-אל,Ad El
עדה,Ada
עדות,Edut
עדי,Adi
עדי-חן,Adi Chen
עדי-לי,Adi Li
עדיאל,Adiel
עדיאלה,Adiela
עדיה,Adaya
עדילי,Adili
עדין,Adin
עדינה,Adina
עדית,Idit
עדלי,Edli
עדן,Eden
עדנה,Edna
עובד,Oved
עובדיה,Ovadia,ovadya
עוגן,Ogen
עודד,Oded
עודדה,Odeda
עוז,Oz
עוזי,Uzzi
עוזיאל,Uzziel
עוזיה,Uzziya
עוזית,Uzit,Ozit
עוזר,Ozer
עומר,Omer
עומרי,Omri
עומרית,Omrit
עונג,Oneg
עופר,Ofer
עופרה,Offra
עופרי,Ofri
עופרית,Ofrit
עופרת,Oferet
עז,Oz
עזר,Ezer
עזרא,Ezra
עזרי,Ezri
עזריאל,Azriel
עזריאלה,Azriela
עזריה,Azaria
עזרן,Azran
עטיה,atiya
עטיר,Atir
עטר,Atar
עטרה,Atara
עטרת,Ateret
עידו,Ido
עידית,Idit
עידן,Idan
עיטור,Itur
עיינה,Ayana
עילאי,Ilay,ilai
עילאיה,Ilayah
עילי,Ilay
עיליי,Ilay
עילית,Ilit
עילם,Eylam
עינאל,Einel
עינב,Einav
עינבל,Inbal
עינבר,Inbar
עינה,Ayana
עיני,Eini
עינם,Eynam
עינן,Einan
עינת,Einat
עירא,Ira
עירד,Irad
עירון,Eron
עירית,Irit
עירם,Iram
עירן,Iran
עלאי,Ilay
עלוה,Alva
עלוית,Alvit
עלי,Eli
עליז,Aliz
עליזה,Aliza
עלית,Ilit,Elit
עלמא,Alma
עלמה,Alma
עמוס,Amos,amosi
עמי,Ami,a.m.
עמי-חי,Ami Chai
עמיאל,Amiel
עמיה,Amya
עמיהוד,Amihud
עמיחי,Amichai,Amihai
עמיטל,Amital
עמינדב,Aminadav
עמיעד,Amiad
עמיעז,Amioz
עמיצור,Amitzur
עמיקם,Amikam
עמיר,Amir
עמירה,Amira
עמירם,Amiram
עמירן,Amiran
עמית,Amit
עמיתי,Amiti
עמל,Amal
עמליה,Amalia
עמנואל,Emanuel
עמנואלה,Emanuela
עמק,Emek
עמר,Amar
עמרי,Omri
עמרית,Omrit
עמרם,Amram
ענאל,Anael
ענאן,Anan
ענב,Einav
ענבל,Inbal
ענבר,Inbar
ענג,Oneg
ענהאל,Anael
ענוג,Anog
ענוגה,Anuga
ענוה,Anava
ענווה,Anava
ענפה,Anefa
ענר,Aner
ענת,Anat
ענתבי,Antebi
ענתי,Anati
עסיס,Assis,Asis
עפר,Ofer
עפרה,Ofra
עפרי,Ofri
עפרית,Ofrit
עציון,Etzion
עציונה,Etzyona
עצמון,Atzmon
עצמונה,Atzmona
עקיבא,Akiva
ערבה,Arava
ערגה,Erga
ערד,Arad
ערטל,Artal
ערן,Eran
ערנית,Eranit
עשאל,Assael
עשהאל,Assael
עשור,Asor
עשירה,Ashira
עשת,eshet
עתי,Atai
עתיד,Atid
עתידה,Atida
עתיר,Atir
עתירה,Atira
עתליה,Attalia
עתניאל,Atniel
עתר,Atar
עתרת,Ateret
פאבל,Pavel
פאבלו,Pablo
פאול,Paul
פאולה,Paula
פאינה,Faina
פאני,Fanni,Fanny
פאניה,Fania
פאריזר,Parizer
פארן,Faran
פארס,Faris
פביאן,Fabian
פביאנה,Fabiana
פביו,Fabio
פבל,Pavel
פבלו,Pablo
פדהצור,Pedhatzur
פדות,Pdut
פדידה,fadida
פדלון,fadlon
פדרו,Pedro
פדריקו,Federico
פהר,Feher
פו,Po
פוזניאק,Pozniak
פויירמן,Feuermann
פול,Paul
פולג,Poleg
פולה,Pola
פולט,Paulette
פולינה,Polina
פולק,Pollak,Pollack
פומרנץ,Pomerantz
פועה,Pua,Puah
פועל,Hapoel
פופוביץ,Popovich
פופר,popper
פוקזון,Fukzon
פוקס,Fuchs
פורטונה,Fortuna
פורטנוי,Portnoy
פוריה,Poriya
פורים,Purim
פורמן,Furman
פורקוש,Forkosh
פורת,Porat
פז,Paz
פזגז,Pazgaz
פזי,Pazi
פזית,Pazit
פטל,Petel
פטר,Peter
פטריסיה,Patricia
פטריק,Patrick
פיאמנטה,Piamenta
פיאנקו,Fianko
פיבי,Fiby
פיה,Fia
פיונה,Fiona
פיטר,Peter
פיי,Faye
פייביש,Faibish
פייר,Pierre
פיליפ,Philip
פינחס,Pinchas
פיני,Pini
פינס,Pines
פינץ,fintz
פינקלשטיין,finkelshtein,finkelstein
פיס,Pais
פירחית,Pirchit
פכטר,Pechter
פלא,Pele
פלאח,Falah
פלאית,Pilyit
פלג,Peleg
פלד,Peled
פלדברג,Feldberg
פלדמן,Feldman
פלורה,Flora
פלורי,Flori
פלורין,florin
פלורינה,Florina
פלורית,Fleurette
פלורנטין,florentin
פלח,Falach
פלטיאל,Paltiel
פליאה,Pliaa
פליקס,Felix
פמלה,Pamela
פנורד,Fnord
פנחס,Pinchas,Pinkhas,Pinhas
פני,Penny,Pennie
פניה,Panya
פנינה,Pnina
פנינית,Pninit
פנינת,Pninat
פסח,Pesach
פסיה,Pessia
פסקל,Pascalle
פר,per,jafri
פרבר,farber
פרגון,farjun
פרגמנט,Pergament
פרד,Fred
פרדי,Freddy
פרדיננד,Ferdinand
פרדריק,Frederick
פרוכטר,Fruchter
פרומה,Fruma
פרוספר,Prosper
פרח,Perach
פרחאן,Farhan
פרטוש,Partush
פרי,Perry,Pri,peri
פריאל,Priel
פריאלה,Priela
פריד,Frid
פרידה,Frida
פרידמן,Fridman,friedman
פריה,Priya
פריווה,per,jafri
פרייפלד,Freifeld
פרימו,Primo
פריץ,Fritze
פרל,Pearl,Perel
פרלה,Perla
פרלית,Perlit
פרלמן,Pearlman
פרננדה,Fernanda
פרננדו,Fernando
פרנס,Parnes
פרנסואה,Francios
פרנסיס,Francis
פרנץ,Franz
פרנצסקה,Francesca
פרנק,Frank
פרנקו,Franco,Franko
פרץ,Paretz,Peretz,perets
פרקש,farkash
פשוש,Pashosh
צאבי,Tzavi
צאל,Tzeel
צאלה,Tzeela
צבי,Tzvi,Zvi
צביאל,Tzviel
צביה,Tzvia,Tzivya
צביקה,Tzvika,Zvika
צבר,Tsabar
צברי,tzabari,Zabari
צברית,Tsabarit
צדוויק,Chadwick
צדוק,Tzadok
צדיק,Tzadik
צדיקה,Tsadika
צדף,Tsedef
צדפית,Tsdafit
צדק,Tzedek,Tzadka
צדקה,Tzdaka
צהלה,Tsahala
צהלי,Tzahali
צוף,Tsuf
צופי,Tsofi,Tsufi
צופיה,Tzofia
צופית,Tsufit,Tsofit
צופנת,Tsofnat
צופר,Tzofar
צוק,Tzuk
צוקית,Tzukit
צור,Tzur,Zur,tsur
צוראל,Tzurel
צורי,Tzuri,Zuri
צוריאל,Tzuriel
צוריה,Tzuria
צורית,Tzurit
צח,Tzach
צחי,Tzachi,Tsahi
צחית,Tzachit
צחר,Tzachar,Tzochar
צי,Chi
ציון,Tzion
ציונה,Tziona
ציוני,Tzioni
ציונית,Tzionit
צילה,Tsila
צילי,Tsili
ציפה,Tzipa
ציפורה,Tzippora
ציפי,Tzippi,Tzipi
ציפיה,Tzipiya
צירה,Tzira
צליל,Tslil,Tzlil
צלילה,Tslila
צמח,Tzemach,Zemah,Zemach
צמרת,Tzameret
צפורה,Tzippora
צפי,Tzafi
צפיה,Tsfiya,Tsipiya
צפיר,Tzafir
צפירה,Tsfira
צפית,Tzafit
צפניה,Zephaniah
צפנת,Tzofnat
צפריר,Tsafrir
צפרירה,Tsafrira
צפרית,Tzafrit
צצי,sz
צציק,Chechik
צרויה,Tsruya
צרטקוב,Chertkov
קאי,Kay,Kai
קאיה,Kaya
קארין,Karin,carine
קארינה,Karina
קארן,Karen
קאתי,Kathy
קג,kg
קדם,Kedem
קדמה,Kedma
קדמי,kedmi
קהלני,Kahalani
קו,ko
קובי,Kobi
קובלסקי,Kowalski
קוד,Code
קווין,Kevin
קוזנצוב,Kuznetsov
קול,Kol
קולט,Collette
קולין,Colin
קון,Kon
קונין,Kunin
קונסטנטין,Konstantin
קונפינו,Konfino
קוסטה,Kosta
קופר,Cooper
קופרשמידט,Kupershmidt
קוראה,Correa
קוראל,Koral
קורדובה,Cordoba
קורי,Kori,Cory,Korry
קורין,Korrine,Corinne
קורינה,Korina
קורל,Koral
קורמן,Korman
קורן,Koren
קורנית,Koranit
קורנליה,Kornelia
קושנר,kushner
קזאז,Kzaz,Kazaz
קטורזה,Katorza
קטי,Kati
קטיה,Katia
קטלין,Katelin
קטלינה,Katelina
קטרין,Katherine
קטרינה,Katerina
קיבוץ,Kibutz
קידר,Keidar,Keydar
קיט,Kit
קיי,Kei
קייזר,Kaizer
קייט,Kate
קייטי,Katy
קייל,Cale
קיילי,Kaylee
קילה,Keala
קים,Kim
קימלמן,Kimelman
קינן,Kenan,Keinan
קינר,Kiner
קיסוס,kisos
קיסין,kissin
קיסריה,Keisaria
קלאודיו,Claudio
קלוד,Claude
קלודט,Claudette
קלודין,Claudine
קלי,Kelly
קלמן,Kalman
קלמנטין,Clementine
קלרה,Clara
קלריסה,Clarissa
קמא,Kama
קמה,Kama
קמחי,Kimchi,Kimhi
קמי,Cami
קמיל,Kamil
קמילה,Kamila,Camilla
קמינסקי,Kaminsky
קמפלר,Kempler
קמרגו,Camargo
קנדי,Candy
קני,Kenny
קניאל,Kaniel
קניג,Kenig
קניה,Kenya
קנר,kaner
קנרית,Kanarit
קסטנבאום,Kestenbaum,Kastenbaum
קסם,Kesem
קסניה,Xenia,Ksenia
קפלן,Kaplan
קציר,Katzir
קקון,kakun
קראוס,krausz
קראל,Karel
קרול,Karol
קרוליין,Karolynn
קרולין,Karoline
קרומר,Krumer
קרי,Kari
קריימר,cramer
קרין,Karin
קרינה,Karina
קריסטינה,Kristina
קריסטל,Kristal
קרל,Karl
קרלוס,Karlos
קרן,Keren
קרן-אור,Keren-Or
קרני,Karni
קרניאל,Karniel
קרנית,Karnit
קרת,Keret
קשת,Keshet
קתרין,Katharine
ראו,r
ראובן,Reuven,Reuben
ראובנה,Reuvena
ראובת,Reubat
ראויה,Reuya
ראוך,Rauch
ראול,Raul
ראומה,reuma
ראיסה,Raisa
ראשית,Reshit
רבי,Rabi
רביב,Raviv
רביד,Ravid
רביטל,Revital
רבין,Rabin
רבינוביץ,rabinovich
רבקה,Rivkah,Rebecca,Rivka
רבקין,Rabkin
רגב,Regev
רגינה,Regina
רדאי,Raday
רדי,Raday
רדינון-דוד,Wardinon-David
רדר,Reder
רהב,Rahav
רו,vero
רואי,Roi
רובי,Ruby,Rubi
רובין,Rubin,Robyn
רובינסון,Robinson
רובינשטיין,Rubinstein
רוברט,Robert
רוברטו,Roberto
רוגע,Roga
רודד,Roded
רודולף,Rudolph
רודיקה,Rodica
רודן,Roden
רודף,Rodef
רודריגז,rodriguez
רוה,Rave
רווה,Rave
רוויה,Revaya
רווית,Ravit
רוז,Rose,Roz
רוזאן,Roseanne
רוזה,Roza
רוזטה,Rosetta
רוזי,Rozi
רוזיטה,Rosita
רוזלי,Rosalie
רוזליה,Rosalia
רוזלין,Rosaline
רוזלינד,Rosalind
רוזלינה,Rosalina
רוזמרי,Rosemary,Rosemarie
רוזמרין,Rosemarin
רוזן,Rozen,Rosen
רוזנבאום,rosenbaum
רוזנבלום,rosenblum
רוזנברג,Rosenberg
רוזנפלד,rosenfeld
רוזנר,Rozner
רוחמה,Ruchama
רוט,Roth
רוטברג,Rotberg
רוטה,Rutha,Ruta
רוי,Roy,Roi
רויאל,Royal
רויה,Roya
רויטל,Revital
רויטנברג,Roytenberg
רוית,Ravit
רולי,Rolli
רולף,Rolef
רום,Rom
רומי,Romi,Romy
רומיה,Rumya
רומיו,Rumyo
רומינה,Romina
רומית,Romit
רוממה,Romema
רומן,Roman
רומנו,romano
רון,Ron
רון-אל,Ron-El
רון-לי,Ron Li
רונאל,Ronel
רונה,Rona
רוני,Roni,Rony
רוני-לי,Roni Li
רוניאל,Roniel
רוניה,Ronya
רונית,Ronit
רונל,Ronel
רונלד,Ronald
רונלי,Ronli
רונן,Ronen
רונת,Ronat
רוס,Ross
רוסמן,rosman
רועי,Roi,Roey,Roy,Roei
רועית,Roit
רוף,Ruff
רוקסן,Roxanne
רוש,Harush
רות,Rut,Ruth
רותה,Rutha,Ruta
רותי,Rutti,jarett
רותם,Rotem
רז,Raz
רז-רוסו,Raz-Russo
רזי,Razi
רזיאל,Raziel
רזיאלה,Raziela
רזיה,Razya
רחל,Rachel,Raquel
רחל-לי,Rachel Li
רחלה,Rachela
רחלי,Racheli,Raheli
רחלית,Rachelit
רחמים,Rachamim
רחמין,Rachamin
ריבה,Riva
ריבי,Rivi
ריוה,Riva
ריזי,Rizi
ריטה,Rita
ריטל,Rital
ריי,Ray
רייאן,Ryan
רייזמן,Reizman
רייך,Reich
רייכמן,Reichman
ריין,Rain
ריינה,Reina
ריינר,Reiner
רייצל,rachael
ריכטר,richter
רימה,Rimma
רימון,Rimon
רימונה,Rimona
רימר,rimer
רינגל,Ringel
רינה,Rina
ריני,Rini
רינת,Rinat
רינתיה,Rinatya,Rinatiya
ריסן,Risan
ריף,Reef
ריצרד,Richard
ריקה,Rika
ריקי,Riki
ריקלין,Riklin
ריקרדו,Riccardo
רכטמן,Rechtman
רלי,Reli
רם,Ram
רמה,Rama
רמון,Ramon
רמונה,Ramona
רמי,Rami,Rimi,Remi
רמית,Ramit
רן,Ran
רנאל,Ranel
רנדי,Randi,Randy
רנה,Rene,Rana,Rina
רנט,Renate
רנטו,Renato
רני,Rani
רנית,Ranit
רנן,Ranen,Renen
רננה,Renana
רננית,Renanit
רע,Rea
רעות,Reut
רעי,Rei
רעיה,Raaya
רעם,Raam
רענן,Raanan
רעננה,Raanana
רפאל,Raphael,refael
רפאלה,Raphaela
רפאלי,Rafaeli
רפי,Raffi,rouf
רפפורט,rapoport
רצ,ratz
רצון,Ratzon
רקיע,Rakia
רקם,Rekem
רקפת,Rakefet
רשף,Reshef
רתם,Rotem
שא,Sha
שא-אל,Sa-El
שאול,Shaul
שאולה,Shaula
שאולוב,Shaulov
שאולי,Shauli
שאלתיאל,Shealtiel
שאנון,Shanon,Shannon
שאנל,Chanel,Shanelle
שאנן,Shaanan
שאננה,Shaanana
שבות,Shvut
שבותיה,Shvutya
שבח,Shevach
שבחיה,Shabchiya
שבי,Shevi,Shovi,Shabi,Shivi
שביב,Shaviv
שביט,Shavit
שבע,Sheva
שבתאי,Shabtai,Shabtay
שגב,Segev
שגיא,Sagie,Sagi
שגיב,Sagiv
שגית,Sagit
שדה,Sade
שדות,Sadot
שדמה,Shdema
שדמית,Shadmit
שהם,Shoham
שוב,Shuv
שובאל,Shuvael
שובי,Shuvi
שוביה,Shuvya
שובל,Shoval
שוהם,Shoham
שוורץ,shwartz
שוחט,Shohet,Shohat
שולה,Shula
שולי,Shuli
שולמית,Shulamit
שומרון,Shomron
שון,Shonn,Shawn,Sean
שונטל,Shontal,Shantelle
שוני,Shuni,Shoni
שונית,Shunit
שונמית,Shunamit
שוקי,Shuki
שור,Shor
שורק,Sorek
שוש,Shosh
שושי,Shoshi
שושן,Shoshan
שושנה,Shoshana
שושנית,Shoshanit
שחל,Shachal
שחם,Shacham,Shaham
שחף,Shachaf,Shahaf
שחק,Shachak,Shahak
שחר,Shachar,Shahar,Sharon
שחרי,Shachari,Shahari
שחרית,Shacharit,Shaharit
שטיל,astaul
שי,Shay,Shai
שי-אל,Shay El,Shay-El
שי-לי,Shay Li,Shay-Li
שיא,Si
שיא-הר,Si-Har
שיאון,Sion
שיאונה,Siona
שיבא,Shiba
שיבה,Shiva
שיבולת,Shibolet
שיה,Shaya
שיזף,Sheizaf
שייביץ,Shayevich
שיילה,Shayla,Sheila
שיין,Shane
שיינא,Sheina,Sheena
שיינדי,Shandi
שיינפלד,Sheinfeld
שיינר,Sheiner
שייפר,Schaefer
שייקה,Shaike
שילב,Shilav
שילה,Shilo,Sheila,Shila,Sheela,Shyla
שילהב,Shilhav
שילו,Shilo
שילון,Shilon
שילט,Shilat
שילי,Shili
שילת,Shilat
שימי,Shimi
שימרון,Shimron
שימרית,Shimrit
שיפמן,Shifman
שיפרה,Shifra
שיקמה,Shikma
שיר,Shir
שיר-אל,Shir El,Shir-El
שיר-הלל,Shir Halel
שיר-לי,Shir Li,Shir-Li
שיראז,Shiraz
שיראל,Shirel
שיראן,Shiran
שירה,Shira
שירון,Shiron
שירז,Shiraz
שירטל,Shirtal
שירי,Shiri
שיריאל,Shiriel
שיריי,Shiray
שירילי,Shirili
שירין,Shirin
שירית,Shirit
שירלי,Shirley,shirly
שירן,Shiran
שירת,Shirat
שירת-אמונה,Shirat Emuna
שירת-חנה,Shirat Chana
שירת-ים,Shirat Yam
שירתיה,Shiratya
של,Shell
שלג,Sheleg
שלדון,Sheldon
שלה,Shilo
שלהב,Shalhev,Shilhav
שלהבת,Shalhevet
שלהבתיה,Shalhevetya
שלו,Shalev
שלוה,Shalva
שלווה,Shalva
שלום,Shalom
שלומי,Shlomi
שלומית,Shlomit
שלומציון,Shlomtziyon
שלי,Shelly,Shellie
שליה,Shelya
שליו,Shalev
שליוים,Shloim
שלכת,Shalechet
שלמה,Shlomo,shallom
שלמי,Shlomi
שלמית,Shlomit
שלף,Shelef
שם,Shem
שם-טוב,Shem Tov,Shem-Tov
שמואל,Shmuel,Samuel
שמואלה,Shmuela
שמואלי,shmueli
שמוליק,Shmulik
שמחה,Simcha
שמחי,simchi
שמי,Shamai,Shemi
שמיל,Shmil
שמים,Shamaim
שמיר,Shamir
שמירה,Shmira
שמלי,Shamli
שמעון,Shimon,Simon,chaymon
שמעונה,Shimona
שמעיה,Shmaaya
שמעיהו,Shmaayahu
שמעית,Shimit
שמר,Shemer
שמרי,Shimri
שמריה,Shmaria
שמריהו,Shmariahu
שמרית,Shimrit
שמרת,Shomrat
שמש,shemesh
שמשון,Shimshon
שן,Shen
שנאור,Shneour
שנאל,Shanel
שנה,Shana
שנהב,Shenhav
שנטל,Chantal
שני,Shani
שניאור,Shneour
שניידר,Schneider
שניר,Snir
שנירה,Snira
שנית,Shanit
שעיה,Shaaya
שפי,Shefi
שפיגל,Spiegel
שפיץ,Shpitz
שפיר,Shapir,Shafir
שפירא,Shapiro,shapira
שפע,Shefa
שפר,Shefer
שפרה,Shifra
שפריר,Shafrir
שפרלינג,Shperling
שץ,shatz
שקד,Shaked
שקדיה,Shkediya
שקמה,Shikma
שר,Sar,Sher
שר-אל,Sar-El
שר-שלום,Sar Shalom
שראל,Sarel
שרב,Sharav
שרביט,Sharvit
שרגא,Shraga
שרה,Sarah,Sara
שרון,Sharon,Shachar
שרון-לי,Sharon Li
שרונה,Sharona
שרוני,Sharoni
שרונית,Sharonit
שרח,Sarach
שרי,Sarai,Sari,Sherry,Cherry,Cherie,sheri
שריאל,Sariel
שריג,Sarig
שריה,Serya
שריי,Sarai
שרייבר,shreiber
שריל,Cheryl
שרין,Sharin
שריקי,Shriki
שרית,Sarit
שריתה,Sarita
שרלוט,Charlotte
שרלי,Charly
שרלין,Charleen,Charlene
שרמן,Sherman
שרן,Shiran
שרע,Shar
שרעבי,Sharabi
שרף,Saraf,Sherf
שרר,scherer
שרתוק,Shertok
שש,Sasi
ששון,Sasson
ששי,Sassi
תאי,Tai
תאיה,Taya
תאיר,Tair
תאל,Tael
תאנה,Teena
תאפה,Thapa
תבור,Tavor
תבל,Tevel
תגיל,Tagil
תגל,Tagel
תדהר,Tidhar
תדמור,Tadmor
תהילה,Tehila
תהל,Tahel
תהלה,Tehila
תו,Tav
תואם,Toam
תובל,Tuval
תום,Tom
תום-לי,Tom-Li
תומי,Tommy
תומס,Thomas,tomas
תומר,Tomer
תור,Tor
תורה,Tora
תורן,Toren
תושיה,Tushiya
תות,Tut
תחיה,Tchiya
תיאה,Tiya,Thea
תידהר,Tidhar
תימור,Timor
תימורה,Timora
תיפרח,Tifrach
תיקי,Tiki
תירוש,Tirosh
תירזה,Tirza
תירצה,Tirtsa
תכלס,Tcls
תכלת,Tchelet
תל-אביב,Tel Aviv
תלם,Telem
תלמה,Talma
תלמי,Talmai
תלתן,Tiltan
תם,Tom,Tam
תמה,Tama
תמוז,Tamuz
תמי,Tami,Tammy
תמיר,Tamir
תמירה,Tmira
תמם,Tamam
תמנה,Timnna
תמנע,Timnna
תמר,Tamar
תמרה,Tamara
תמרי,Tamari
תמרת,tamrat
תנחום,Tanchum
תניב,Taniv
תניר,Tanir
תפארה,Tifara
תפארת,Tiferet
תפילה,Tfila
תפרח,Tifrach
תקוה,Tikva
תקווה,Tikva
תקומה,Tkuma
תרון,Taron
תרזה,Tirza
תרין,Tarin
תרצה,Tirtsa
תשובה,Tshuva
תשורה,Tshura